"id","name","birthday","email"
1,"John Doe","1990-05-15","john.doe@example.com"
3,"Natale","1993-02-05","nraddin2@apple.com"
4,"Welbie","1990-09-08","wmacmanus3@diigo.com"
5,"Loren","1995-03-25","labarough4@goo.gl"
9,"Allistir","1994-12-13","acolston8@woothemes.com"
10,"Millie","1995-01-19","mfarrance9@jalbum.net"
12,"Gregoire","1992-05-14","gdumingob@comcast.net"
13,"Eli","1994-06-06","edobbingsc@nifty.com"
14,"Kary","1990-04-11","krunnallsd@fastcompany.com"
15,"Jaime","1991-11-07","jshevlanee@house.gov"
16,"Jennica",NULL,NULL
17,"Craggie","1995-10-18","ccripwellg@last.fm"
18,"Brianna","1990-11-12","bmcconwayh@businessweek.com"
19,"Fredrick","1992-05-14","fstearleyi@flickr.com"
20,"Wally","1997-12-03","wschleswigholsteinj@eventbrite.com"
21,"Drew","1994-08-27","dmallardk@ihg.com"
22,"Bel","1998-02-12","bkellandl@earthlink.net"
23,"Etheline","1997-12-16","ebamberym@marriott.com"
24,"Rocky","1997-03-07","rdooneyn@godaddy.com"
25,"Lief","1994-11-14","llahertyo@flickr.com"
26,"Marian","1991-08-13",NULL
27,"Mikel","1996-03-03","mspenceq@alexa.com"
28,"Lizzy","1996-10-18","lspinellir@ihg.com"
30,"Molli","1992-05-31",NULL
31,"Trenton","1992-09-29","tmcrannellu@webeden.co.uk"
32,"Jodee","1994-06-23","jliebermannv@theglobeandmail.com"
33,"Colene","1996-09-09",NULL
34,"Terrijo","1991-11-28","tyakovichx@phoca.cz"
35,"Stanford",NULL,"sbarnewilley@dmoz.org"
36,"Kalinda","1995-08-14","kcannavanz@plala.or.jp"
37,"Cal",NULL,"cclever10@instagram.com"
38,"Danita","1991-07-03","dshelliday11@joomla.org"
45,"Giffy","1991-01-22","gpettigrew18@123-reg.co.uk"
46,"Bertha","1997-04-24","bpetrovykh19@yelp.com"
47,"Cordell","1994-12-08","cmityakov1a@theguardian.com"
49,"Emile","1994-08-16","ecollingwood1c@4shared.com"
50,"Alaster","1993-11-24",NULL
8,"Doren","1996-02-03","dwatting7@yelp.com"
2,"Jane Smith","1995-02-28","jane.smith@example.com"
48,"Rosa","1991-04-11","sir.alaster@mesela.com"
11,"Devin","1995-08-29","devin@infuture.com"
7,"Yasemin",NULL,"yoshi_hepsi1@hotmail.com"
